Refined Injury Category,Total_Injuries,Avg_Days_Missed
Ankle,1351,11.429311621021466
Back,525,7.843809523809524
Bone Fracture,74,42.229729729729726
Elbow,74,14.18918918918919
General Ailments,870,5.879310344827586
Groin,172,10.505813953488373
Hand/Finger,159,19.471698113207548
Head,201,7.079601990049751
Knee,1218,15.0623973727422
Shoulder,247,23.796747967479675
Soft Tissue Injury,648,13.447530864197532
Unknown,3884,11.497167868177137
Wrist,136,19.669117647058822
